,rs1968667,rs1267143389,rs1376242,rs1450834,rs6969390,rs4357233,rs10247794,rs10276938,rs4730625,rs4521701,rs10278639,rs6466480,rs776916,rs1728428,rs955407251,rs776928,rs2696873,rs776931,rs776930,rs776919,rs776922,rs1194323,rs1668330,rs1194319,rs1194320,rs1201583,rs1194327,rs2396721,rs1916987,rs77899986,rs115633418,rs116050894,rs78821151,rs115188726,rs116226057,rs114511230
rs1968667,,,,,,,,,,,,,,,,,,,,,,,,,,,,,,,,,,,,
rs1267143389,,,,,,,,,,,,,,,,,,,,,,,,,,,,,,,,,,,,
rs1376242,,,,,,,,,,,,,,,,,,,,,,,,,,,,,,,,,,,,
rs1450834,,,,,,,,,,,,,,,,,,,,,,,,,,,,,,,,,,,,
rs6969390,,,,,,,,,,,,,,,,,,,,,,,,,,,,,,,,,,,,
rs4357233,,,,,,,,,,,,,,,,,,,,,,,,,,,,,,,,,,,,
rs10247794,,,,,,,,,,,,,,,,,,,,,,,,,,,,,,,,,,,,
rs10276938,,,,,,,,,,,,,,,,,,,,,,,,,,,,,,,,,,,,
rs4730625,,,,,,,,,,,,,,,,,,,,,,,,,,,,,,,,,,,,
rs4521701,,,,,,,,,,,,,,,,,,,,,,,,,,,,,,,,,,,,
rs10278639,,,,,,,,,,,,,,,,,,,,,,,,,,,,,,,,,,,,
rs6466480,,,,,,,,,,,,,,,,,,,,,,,,,,,,,,,,,,,,
rs776916,,,,,,,,,,,,,,,,,,,,,,,,,,,,,,,,,,,,
rs1728428,,,,,,,,,,,,,,,,,,,,,,,,,,,,,,,,,,,,
rs955407251,,,,,,,,,,,,,,,,,,,,,,,,,,,,,,,,,,,,
rs776928,,,,,,,,,,,,,,,,,,,,,,,,,,,,,,,,,,,,
rs2696873,,,,,,,,,,,,,,,,,,,,,,,,,,,,,,,,,,,,
rs776931,,,,,,,,,,,,,,,,,,,,,,,,,,,,,,,,,,,,
rs776930,,,,,,,,,,,,,,,,,,,,,,,,,,,,,,,,,,,,
rs776919,,,,,,,,,,,,,,,,,,,,,,,,,,,,,,,,,,,,
rs776922,,,,,,,,,,,,,,,,,,,,,,,,,,,,,,,,,,,,
rs1194323,,,,,,,,,,,,,,,,,,,,,,1.0,0.959,0.899,0.959,0.861,0.822,0.822,0.879,,,,,,,
rs1668330,,,,,,,,,,,,,,,,,,,,,,0.959,1.0,0.938,1.0,0.898,0.858,0.858,0.917,,,,,,,
rs1194319,,,,,,,,,,,,,,,,,,,,,,0.899,0.938,1.0,0.938,0.958,0.916,0.916,0.856,,,,,,,
rs1194320,,,,,,,,,,,,,,,,,,,,,,0.959,1.0,0.938,1.0,0.898,0.858,0.858,0.917,,,,,,,
rs1201583,,,,,,,,,,,,,,,,,,,,,,0.861,0.898,0.958,0.898,1.0,0.957,0.957,0.896,,,,,,,
rs1194327,,,,,,,,,,,,,,,,,,,,,,0.822,0.858,0.916,0.858,0.957,1.0,1.0,0.937,,,,,,,
rs2396721,,,,,,,,,,,,,,,,,,,,,,0.822,0.858,0.916,0.858,0.957,1.0,1.0,0.937,,,,,,,
rs1916987,,,,,,,,,,,,,,,,,,,,,,0.879,0.917,0.856,0.917,0.896,0.937,0.937,1.0,,,,,,,
rs77899986,,,,,,,,,,,,,,,,,,,,,,,,,,,,,,,,,,,,
rs115633418,,,,,,,,,,,,,,,,,,,,,,,,,,,,,,,,,,,,
rs116050894,,,,,,,,,,,,,,,,,,,,,,,,,,,,,,,,,,,,
rs78821151,,,,,,,,,,,,,,,,,,,,,,,,,,,,,,,,,,,,
rs115188726,,,,,,,,,,,,,,,,,,,,,,,,,,,,,,,,,,,,
rs116226057,,,,,,,,,,,,,,,,,,,,,,,,,,,,,,,,,,,,
rs114511230,,,,,,,,,,,,,,,,,,,,,,,,,,,,,,,,,,,,
